39,Ohio,OH,44017,Cuyahoga,Berea
39,Ohio,OH,44022,Cuyahoga,Chagrin falls
39,Ohio,OH,44040,Cuyahoga,Gates mills
39,Ohio,OH,44070,Cuyahoga,North olmsted
39,Ohio,OH,44102,Cuyahoga,Cleveland
39,Ohio,OH,44103,Cuyahoga,Cleveland
39,Ohio,OH,44104,Cuyahoga,Cleveland
39,Ohio,OH,44105,Cuyahoga,Cleveland
39,Ohio,OH,44106,Cuyahoga,Cleveland
39,Ohio,OH,44107,Cuyahoga,Edgewater
39,Ohio,OH,44108,Cuyahoga,Cleveland
39,Ohio,OH,44109,Cuyahoga,Cleveland
39,Ohio,OH,44110,Cuyahoga,Cleveland
39,Ohio,OH,44111,Cuyahoga,Cleveland
39,Ohio,OH,44112,Cuyahoga,East cleveland
39,Ohio,OH,44113,Cuyahoga,Cleveland
39,Ohio,OH,44114,Cuyahoga,Cleveland
39,Ohio,OH,44115,Cuyahoga,Cleveland
39,Ohio,OH,44116,Cuyahoga,Rocky river
39,Ohio,OH,44117,Cuyahoga,Euclid
39,Ohio,OH,44118,Cuyahoga,Cleveland height
39,Ohio,OH,44119,Cuyahoga,Cleveland
39,Ohio,OH,44120,Cuyahoga,Cleveland
39,Ohio,OH,44121,Cuyahoga,South euclid
39,Ohio,OH,44122,Cuyahoga,Beachwood
39,Ohio,OH,44123,Cuyahoga,Shore
39,Ohio,OH,44124,Cuyahoga,Lyndhurst mayfie
39,Ohio,OH,44125,Cuyahoga,Garfield heights
39,Ohio,OH,44126,Cuyahoga,Fairview park
39,Ohio,OH,44127,Cuyahoga,Cleveland
39,Ohio,OH,44128,Cuyahoga,Cleveland
39,Ohio,OH,44129,Cuyahoga,Parma
39,Ohio,OH,44130,Cuyahoga,Midpark
39,Ohio,OH,44131,Cuyahoga,Independence
39,Ohio,OH,44132,Cuyahoga,Noble
39,Ohio,OH,44133,Cuyahoga,North royalton
39,Ohio,OH,44134,Cuyahoga,Parma
39,Ohio,OH,44135,Cuyahoga,Cleveland
39,Ohio,OH,44136,Cuyahoga,Strongsville
39,Ohio,OH,44137,Cuyahoga,Maple heights
39,Ohio,OH,44138,Cuyahoga,Olmsted falls
39,Ohio,OH,44139,Cuyahoga,Solon
39,Ohio,OH,44140,Cuyahoga,Bay village
39,Ohio,OH,44141,Cuyahoga,Brecksville
39,Ohio,OH,44142,Cuyahoga,Brookpark
39,Ohio,OH,44143,Cuyahoga,Richmond heights
39,Ohio,OH,44144,Cuyahoga,Brooklyn
39,Ohio,OH,44145,Cuyahoga,Westlake
39,Ohio,OH,44146,Cuyahoga,Bedford
39,Ohio,OH,44147,Cuyahoga,Broadview height
39,Ohio,OH,44221,Summit,Cuyahoga falls
39,Ohio,OH,44223,Summit,Cuyahoga falls
